"review_id","review_description","rating","thumbs_up","review_date","comment","tokenized_comment","SWR_comment","stemmed","lemmatized"
"81942ead-9d65-4b1a-8aa2-6e21ad5cf5e7","Still loving it!, the best!",5,0,NA,"still loving it the best","still, loving, it, the, best","still, loving, best","still, love, best","still, love, good"
"c08cf1e7-45e4-43a3-b86f-51f7809b80a3","Convenient one stop app for all your passwords. Lock in with the app pw and update your other apps pws. Allows backup file to be created so that it can be used on your backup phone as well.",5,0,NA,"convenient one stop app for all your passwords lock in with the app pw and update your other apps pws allows backup file to be created so that it can be used on your backup phone as well","convenient, one, stop, app, for, all, your, passwords, lock, in, with, the, app, pw, and, update, your, other, apps, pws, allows, backup, file, to, be, created, so, that, it, can, be, used, on, your, backup, phone, as, well","convenient, one, stop, app, passwords, lock, app, pw, update, apps, pws, allows, backup, file, created, can, used, backup, phone, well","conveni, on, stop, app, password, lock, app, pw, updat, app, pw, allow, backup, file, creat, can, us, backup, phone, well","convenient, one, stop, app, password, lock, app, pw, update, app, pws, allow, backup, file, create, can, use, backup, phone, good"
"c8937763-e1b4-43b1-9e48-cde58be80111","Tried several password managers until I came across this one. it dies everything I need to store my passwords safely. No complications like the big name managers. I tried a bunch of those, and they were a waste of tme. And expensuve. For most people, this is all you need.",5,0,NA,"tried several password managers until i came across this one it dies everything i need to store my passwords safely no complications like the big name managers i tried a bunch of those and they were a waste of tme and expensuve for most people this is all you need","tried, several, password, managers, until, i, came, across, this, one, it, dies, everything, i, need, to, store, my, passwords, safely, no, complications, like, the, big, name, managers, i, tried, a, bunch, of, those, and, they, were, a, waste, of, tme, and, expensuve, for, most, people, this, is, all, you, need","tried, several, password, managers, came, across, one, dies, everything, need, store, passwords, safely, complications, like, big, name, managers, tried, bunch, waste, tme, expensuve, people, need","tri, sever, password, manag, came, across, on, di, everyth, need, store, password, safe, complic, like, big, name, manag, tri, bunch, wast, tme, expensuv, peopl, need","try, several, password, manager, come, across, one, die, everything, need, store, password, safely, complication, like, big, name, manager, try, bunch, waste, tme, expensuve, people, need"
"762baf4b-9109-4b4b-a42f-2291b0486faf","Ok thank you",5,0,NA,"ok thank you","ok, thank, you","ok, thank","ok, thank","okay, thank"
"275a2d36-6d77-44ae-9d7b-8be6ad614e3f","switched phones and none of my passwords came over to new phone, very upset.",1,0,NA,"switched phones and none of my passwords came over to new phone very upset","switched, phones, and, none, of, my, passwords, came, over, to, new, phone, very, upset","switched, phones, none, passwords, came, new, phone, upset","switch, phone, none, password, came, new, phone, upset","switch, phone, none, password, come, new, phone, upset"
"b8a5df20-4fee-49c6-843b-3df705749740","I like the simplicity of this app. It does what I want without complex steps. Stores basic details for all your user details in one place.",4,1,NA,"i like the simplicity of this app it does what i want without complex steps stores basic details for all your user details in one place","i, like, the, simplicity, of, this, app, it, does, what, i, want, without, complex, steps, stores, basic, details, for, all, your, user, details, in, one, place","like, simplicity, app, want, without, complex, steps, stores, basic, details, user, details, one, place","like, simplic, app, want, without, complex, step, store, basic, detail, user, detail, on, place","like, simplicity, app, want, without, complex, step, store, basic, detail, user, detail, one, place"
"e59f8058-e305-45c4-aad9-c0c7c619d22a","Excellent, secure and easy to use app. Please keep unlimited saves free, watching ads are worth it and there's not too many of them. Another app which I was using now only lets you save 5 on free version, ONLY because it is made by a well known and more established cyber security company that's been around for decades on PC. I'm assuming a few other more well known ones will be doing the same but this is just as secure as any of them. Love the thumbprint login feature too for quicker access.",5,0,NA,"excellent secure and easy to use app please keep unlimited saves free watching ads are worth it and theres not too many of them another app which i was using now only lets you save  on free version only because it is made by a well known and more established cyber security company thats been around for decades on pc im assuming a few other more well known ones will be doing the same but this is just as secure as any of them love the thumbprint login feature too for quicker access","excellent, secure, and, easy, to, use, app, please, keep, unlimited, saves, free, watching, ads, are, worth, it, and, theres, not, too, many, of, them, another, app, which, i, was, using, now, only, lets, you, save, , on, free, version, only, because, it, is, made, by, a, well, known, and, more, established, cyber, security, company, thats, been, around, for, decades, on, pc, im, assuming, a, few, other, more, well, known, ones, will, be, doing, the, same, but, this, is, just, as, secure, as, any, of, them, love, the, thumbprint, login, feature, too, for, quicker, access","excellent, secure, easy, use, app, please, keep, unlimited, saves, free, watching, ads, worth, theres, many, another, app, using, now, lets, save, , free, version, made, well, known, established, cyber, security, company, thats, around, decades, pc, im, assuming, well, known, ones, will, just, secure, love, thumbprint, login, feature, quicker, access","excel, secur, easi, us, app, pleas, keep, unlimit, save, free, watch, ad, worth, there, mani, anoth, app, us, now, let, save, , free, version, made, well, known, establish, cyber, secur, compani, that, around, decad, pc, im, assum, well, known, on, will, just, secur, love, thumbprint, login, featur, quicker, access","excellent, secure, easy, use, app, please, keep, unlimited, save, free, watch, ad, worth, theres, many, another, app, use, now, let, save, , free, version, make, good, know, establish, cyber, security, company, thats, around, decade, pc, im, assume, good, know, one, will, just, secure, love, thumbprint, login, feature, quick, access"
"990b1855-5596-4d35-8280-067a4c529720","Love this App. It's simple, secure, and great especially so you can access your Password's even if you're away from Wifi.",5,0,NA,"love this app its simple secure and great especially so you can access your passwords even if youre away from wifi","love, this, app, its, simple, secure, and, great, especially, so, you, can, access, your, passwords, even, if, youre, away, from, wifi","love, app, simple, secure, great, especially, can, access, passwords, even, youre, away, wifi","love, app, simpl, secur, great, especi, can, access, password, even, your, awai, wifi","love, app, simple, secure, great, especially, can, access, password, even, youre, away, wifi"
"9c9153a8-32b2-4fc5-9d09-f5a29390840c","good app",4,0,NA,"good app","good, app","good, app","good, app","good, app"
"a565430f-7b7a-4151-9d85-a6f93dd8389f","Easy to use and great for storing passwords. Good security.",5,0,NA,"easy to use and great for storing passwords good security","easy, to, use, and, great, for, storing, passwords, good, security","easy, use, great, storing, passwords, good, security","easi, us, great, store, password, good, secur","easy, use, great, store, password, good, security"
"8f6e2b11-8ca7-4409-b09f-776fd117c070","Great",5,0,NA,"great","great","great","great","great"
"f4546fb2-49e7-46ba-a6ed-eeb6bb92fc77","Only wish the app would autopilot and details visible without clicking on edit.",4,1,NA,"only wish the app would autopilot and details visible without clicking on edit","only, wish, the, app, would, autopilot, and, details, visible, without, clicking, on, edit","wish, app, autopilot, details, visible, without, clicking, edit","wish, app, autopilot, detail, visibl, without, click, edit","wish, app, autopilot, detail, visible, without, click, edit"
"935b494e-7bbd-4b6d-9d05-3e488eb1ed2b","Gote",5,0,NA,"gote","gote","gote","gote","gote"
"c9de8ef9-20d7-4654-b214-069ea16174d6","Still I Want An Update This Is Not A Safe App Without A Recovery For Password And Email Because Sometimes They Banned Me Without Any Better Reason",1,1,NA,"still i want an update this is not a safe app without a recovery for password and email because sometimes they banned me without any better reason","still, i, want, an, update, this, is, not, a, safe, app, without, a, recovery, for, password, and, email, because, sometimes, they, banned, me, without, any, better, reason","still, want, update, safe, app, without, recovery, password, email, sometimes, banned, without, better, reason","still, want, updat, safe, app, without, recoveri, password, email, sometim, ban, without, better, reason","still, want, update, safe, app, without, recovery, password, email, sometimes, ban, without, good, reason"
"6308f390-5fc7-4caa-bd2f-267f4946e4d2","Good",5,0,NA,"good","good","good","good","good"
"7993024e-c837-4c61-a577-affa5a57d8c5","Great app, been using ot for a few years now and never had any issues. East to use and easy to sync passwords to each device.",5,0,NA,"great app been using ot for a few years now and never had any issues east to use and easy to sync passwords to each device","great, app, been, using, ot, for, a, few, years, now, and, never, had, any, issues, east, to, use, and, easy, to, sync, passwords, to, each, device","great, app, using, ot, years, now, never, issues, east, use, easy, sync, passwords, device","great, app, us, ot, year, now, never, issu, east, us, easi, sync, password, devic","great, app, use, ot, year, now, never, issue, east, use, easy, sync, password, device"
"1f439183-a0f3-40bd-ae69-a76ff1e879ff","Good",3,0,NA,"good","good","good","good","good"
"1d5409c3-372a-4c49-9583-301a13bb79bb","I've been using this app for years, and I absolutely love it. I love that we can finally send a backup to another source, so I don't have to keep downloading it and adding my passwords every time I switch phones.",5,9,NA,"ive been using this app for years and i absolutely love it i love that we can finally send a backup to another source so i dont have to keep downloading it and adding my passwords every time i switch phones","ive, been, using, this, app, for, years, and, i, absolutely, love, it, i, love, that, we, can, finally, send, a, backup, to, another, source, so, i, dont, have, to, keep, downloading, it, and, adding, my, passwords, every, time, i, switch, phones","ive, using, app, years, absolutely, love, love, can, finally, send, backup, another, source, dont, keep, downloading, adding, passwords, every, time, switch, phones","iv, us, app, year, absolut, love, love, can, final, send, backup, anoth, sourc, dont, keep, download, ad, password, everi, time, switch, phone","ive, use, app, year, absolutely, love, love, can, finally, send, backup, another, source, do, keep, download, add, password, every, time, switch, phone"
"302564a8-15db-413d-a166-e9286de1efd3","Easy to use. Great having to remember only one password. It needs to have more categories for easier queries.",4,3,NA,"easy to use great having to remember only one password it needs to have more categories for easier queries","easy, to, use, great, having, to, remember, only, one, password, it, needs, to, have, more, categories, for, easier, queries","easy, use, great, remember, one, password, needs, categories, easier, queries","easi, us, great, rememb, on, password, need, categori, easier, queri","easy, use, great, remember, one, password, need, category, easy, query"
"99df5404-b4e4-4a06-aa5c-382a667d65bf","Love your appüòòüòòüòòüòò",5,0,NA,"love your app","love, your, app","love, app","love, app","love, app"
"d311db8e-a04a-48ea-9307-91fe7c91b868","Faina aplica»õia. E simplƒÉ »ôi are tot ce am nevoie. Imi place cƒÉ pot sa pun icoane personalizate si ca am auto backup",5,0,NA,"faina aplica»õia e simplƒÉ »ôi are tot ce am nevoie imi place cƒÉ pot sa pun icoane personalizate si ca am auto backup","faina, aplica»õia, e, simplƒÉ, »ôi, are, tot, ce, am, nevoie, imi, place, cƒÉ, pot, sa, pun, icoane, personalizate, si, ca, am, auto, backup","faina, aplica»õia, e, simplƒÉ, »ôi, tot, ce, nevoie, imi, place, cƒÉ, pot, sa, pun, icoane, personalizate, si, ca, auto, backup","faina, aplica»õia, e, simplƒÉ, »ôi, tot, ce, nevoi, imi, place, cƒÉ, pot, sa, pun, icoan, personaliz, si, ca, auto, backup","faina, aplica»õia, e, simplƒÉ, »ôi, tot, ce, nevoie, imi, place, cƒÉ, pot, sa, pun, icoane, personalizate, si, ca, auto, backup"
"7377d064-c17b-422a-8da3-7d42a175f289","Very good",5,0,NA,"very good","very, good","good","good","good"
"e62c5618-3d5e-4c38-8495-710b8f948ef6","Great app. Nice to have: Copy and paste without edit or direct auto fill of password.",5,5,NA,"great app nice to have copy and paste without edit or direct auto fill of password","great, app, nice, to, have, copy, and, paste, without, edit, or, direct, auto, fill, of, password","great, app, nice, copy, paste, without, edit, direct, auto, fill, password","great, app, nice, copi, past, without, edit, direct, auto, fill, password","great, app, nice, copy, paste, without, edit, direct, auto, fill, password"
"ae1fa209-e345-4e10-8dab-3d3c85bc3ac5","Love this application",5,0,NA,"love this application","love, this, application","love, application","love, applic","love, application"
"8eb79704-0fe1-4e0e-b15d-87a0614f6141","I downloaded this app so I wouldn't have to guess and make up one!! The very first thing I have to do with this when I open it is MAKE UP A PASSWORD!!!",1,1,NA,"i downloaded this app so i wouldnt have to guess and make up one the very first thing i have to do with this when i open it is make up a password","i, downloaded, this, app, so, i, wouldnt, have, to, guess, and, make, up, one, the, very, first, thing, i, have, to, do, with, this, when, i, open, it, is, make, up, a, password","downloaded, app, wouldnt, guess, make, one, first, thing, open, make, password","download, app, wouldnt, guess, make, on, first, thing, open, make, password","download, app, wouldnt, guess, make, one, first, thing, open, make, password"
"9b655e5c-ed7b-42b8-a777-b1db85a028d7","Excellent",5,0,NA,"excellent","excellent","excellent","excel","excellent"
"7227c565-6380-4bab-a185-9e75b175fba1","Been using for several years and I still love it!!! Easy to use, convenient, it's exactly what I needed one place to put all those irritating passwords that have to be changed every time I turn around. --- One app that hasn't changed in a long list of installs and uninstalled...this has stood the test of time.",5,5,NA,"been using for several years and i still love it easy to use convenient its exactly what i needed one place to put all those irritating passwords that have to be changed every time i turn around  one app that hasnt changed in a long list of installs and uninstalledthis has stood the test of time","been, using, for, several, years, and, i, still, love, it, easy, to, use, convenient, its, exactly, what, i, needed, one, place, to, put, all, those, irritating, passwords, that, have, to, be, changed, every, time, i, turn, around, , one, app, that, hasnt, changed, in, a, long, list, of, installs, and, uninstalledthis, has, stood, the, test, of, time","using, several, years, still, love, easy, use, convenient, exactly, needed, one, place, put, irritating, passwords, changed, every, time, turn, around, , one, app, hasnt, changed, long, list, installs, uninstalledthis, stood, test, time","us, sever, year, still, love, easi, us, conveni, exactli, need, on, place, put, irrit, password, chang, everi, time, turn, around, , on, app, hasnt, chang, long, list, instal, uninstalledthi, stood, test, time","use, several, year, still, love, easy, use, convenient, exactly, need, one, place, put, irritate, password, change, every, time, turn, around, , one, app, hasnt, change, long, list, install, uninstalledthis, stand, test, time"
"dda87238-d4c4-4463-8d31-f8f76b81edee","Hello, can you please tell me how to recover the login password...I am totally locked out as I cant login and access other passwords. Thanks great work.",5,2,NA,"hello can you please tell me how to recover the login passwordi am totally locked out as i cant login and access other passwords thanks great work","hello, can, you, please, tell, me, how, to, recover, the, login, passwordi, am, totally, locked, out, as, i, cant, login, and, access, other, passwords, thanks, great, work","hello, can, please, tell, recover, login, passwordi, totally, locked, cant, login, access, passwords, thanks, great, work","hello, can, pleas, tell, recov, login, passwordi, total, lock, cant, login, access, password, thank, great, work","hello, can, please, tell, recover, login, passwordi, totally, lock, cant, login, access, password, thank, great, work"
"7df89e33-4fc1-4d36-9038-c726cea4f66a","Easy, user friendly & what i like the most, backup files can be saved in various ways",5,1,NA,"easy user friendly  what i like the most backup files can be saved in various ways","easy, user, friendly, , what, i, like, the, most, backup, files, can, be, saved, in, various, ways","easy, user, friendly, , like, backup, files, can, saved, various, ways","easi, user, friendli, , like, backup, file, can, save, variou, wai","easy, user, friendly, , like, backup, file, can, save, various, way"
"34b63e1b-d877-422d-b642-da50984cc4cc","Great for saving password",5,0,NA,"great for saving password","great, for, saving, password","great, saving, password","great, save, password","great, save, password"
"72bd8e04-fb56-4626-a3fc-a17e83bf5e2a","The initial problem of downloading my backup has been resolved though had a few issues that I managed to sort So I wanted a paper print out as I want to review and change some passwords but what used to be a 6 page print out is now 28+ pages as the conversion to PDF includes all the tags several times over plus some other data it did not used to this happens on both phones so is not a phone issue. Otherwise I am impressed get this bug squashed and I will buy the full version.",3,10,NA,"the initial problem of downloading my backup has been resolved though had a few issues that i managed to sort so i wanted a paper print out as i want to review and change some passwords but what used to be a  page print out is now  pages as the conversion to pdf includes all the tags several times over plus some other data it did not used to this happens on both phones so is not a phone issue otherwise i am impressed get this bug squashed and i will buy the full version","the, initial, problem, of, downloading, my, backup, has, been, resolved, though, had, a, few, issues, that, i, managed, to, sort, so, i, wanted, a, paper, print, out, as, i, want, to, review, and, change, some, passwords, but, what, used, to, be, a, , page, print, out, is, now, , pages, as, the, conversion, to, pdf, includes, all, the, tags, several, times, over, plus, some, other, data, it, did, not, used, to, this, happens, on, both, phones, so, is, not, a, phone, issue, otherwise, i, am, impressed, get, this, bug, squashed, and, i, will, buy, the, full, version","initial, problem, downloading, backup, resolved, though, issues, managed, sort, wanted, paper, print, want, review, change, passwords, used, , page, print, now, , pages, conversion, pdf, includes, tags, several, times, plus, data, used, happens, phones, phone, issue, otherwise, impressed, get, bug, squashed, will, buy, full, version","initi, problem, download, backup, resolv, though, issu, manag, sort, want, paper, print, want, review, chang, password, us, , page, print, now, , page, convers, pdf, includ, tag, sever, time, plu, data, us, happen, phone, phone, issu, otherwis, impress, get, bug, squash, will, bui, full, version","initial, problem, download, backup, resolve, though, issue, manage, sort, want, paper, print, want, review, change, password, use, , page, print, now, , page, conversion, pdf, include, tag, several, time, plus, datum, use, happen, phone, phone, issue, otherwise, impress, get, bug, squash, will, buy, full, version"
"5f06fefc-907d-4294-994d-bceed8c7c2e0","Super useful! Not a single complain at all.",5,0,NA,"super useful not a single complain at all","super, useful, not, a, single, complain, at, all","super, useful, single, complain","super, us, singl, complain","super, useful, single, complain"
"6822fb8c-3a28-4a64-ab5f-d0923c0626aa","Great",5,0,NA,"great","great","great","great","great"
"64c3ce2e-ea60-4b23-ac4e-dd9a43035c12","Really useful",5,0,NA,"really useful","really, useful","really, useful","realli, us","really, useful"
"f15534a2-1576-413c-b144-45596bc4feac","Fantastic!",5,0,NA,"fantastic","fantastic","fantastic","fantast","fantastic"
"7d64e4c2-e730-4976-b0ae-2555d64c6f38","The update threw me for a loop, but otherwise this app is a lifesaver.",5,0,NA,"the update threw me for a loop but otherwise this app is a lifesaver","the, update, threw, me, for, a, loop, but, otherwise, this, app, is, a, lifesaver","update, threw, loop, otherwise, app, lifesaver","updat, threw, loop, otherwis, app, lifesav","update, throw, loop, otherwise, app, lifesaver"
"33ac1dee-a328-4f0c-adc2-7a7ee7d3afe5","Do not install this app no support won't even respond to texts installed password option to manager pass it has locked me out after first time using that feature It seems I am stocked Writing this in hope someone sees it and maybe I get help Just discovered have no option to send this review",1,1,NA,"do not install this app no support wont even respond to texts installed password option to manager pass it has locked me out after first time using that feature it seems i am stocked writing this in hope someone sees it and maybe i get help just discovered have no option to send this review","do, not, install, this, app, no, support, wont, even, respond, to, texts, installed, password, option, to, manager, pass, it, has, locked, me, out, after, first, time, using, that, feature, it, seems, i, am, stocked, writing, this, in, hope, someone, sees, it, and, maybe, i, get, help, just, discovered, have, no, option, to, send, this, review","install, app, support, wont, even, respond, texts, installed, password, option, manager, pass, locked, first, time, using, feature, seems, stocked, writing, hope, someone, sees, maybe, get, help, just, discovered, option, send, review","instal, app, support, wont, even, respond, text, instal, password, option, manag, pass, lock, first, time, us, featur, seem, stock, write, hope, someon, see, mayb, get, help, just, discov, option, send, review","install, app, support, wont, even, respond, text, install, password, option, manager, pass, lock, first, time, use, feature, seem, stock, write, hope, someone, see, maybe, get, help, just, discover, option, send, review"
"be9ecb47-83c9-4687-bd97-b406e27c02b0","I love this ap. All of my passwords in one place.",4,0,NA,"i love this ap all of my passwords in one place","i, love, this, ap, all, of, my, passwords, in, one, place","love, ap, passwords, one, place","love, ap, password, on, place","love, ap, password, one, place"
"63f04896-4657-4886-8cc0-e87dbe527c84","This app lost all my stored passwords one day it was fi e the next nothing.....",1,0,NA,"this app lost all my stored passwords one day it was fi e the next nothing","this, app, lost, all, my, stored, passwords, one, day, it, was, fi, e, the, next, nothing","app, lost, stored, passwords, one, day, fi, e, next, nothing","app, lost, store, password, on, dai, fi, e, next, noth","app, lose, store, password, one, day, fi, e, next, nothing"
"0b0a1256-eb5c-4c48-9bf1-da2e07ad827c","I like it!",5,0,NA,"i like it","i, like, it","like","like","like"
"5871a746-5c13-47e8-a3aa-12d7d92d971e","EDIT Used for years but now won't back up and no response from reports üò° Brilliant app... nice clear appearance. Love it that can match icons and make own categories. So useful to have to hand. Thank you xx",2,3,NA,"edit used for years but now wont back up and no response from reports  brilliant app nice clear appearance love it that can match icons and make own categories so useful to have to hand thank you xx","edit, used, for, years, but, now, wont, back, up, and, no, response, from, reports, , brilliant, app, nice, clear, appearance, love, it, that, can, match, icons, and, make, own, categories, so, useful, to, have, to, hand, thank, you, xx","edit, used, years, now, wont, back, response, reports, , brilliant, app, nice, clear, appearance, love, can, match, icons, make, categories, useful, hand, thank, xx","edit, us, year, now, wont, back, respons, report, , brilliant, app, nice, clear, appear, love, can, match, icon, make, categori, us, hand, thank, xx","edit, use, year, now, wont, back, response, report, , brilliant, app, nice, clear, appearance, love, can, match, icon, make, category, useful, hand, thank, xx"
"72085cd9-d0c1-4205-883a-6e9f829e7661","This is a ""Very Good"" appt for password storage. I use it quite frequent.",5,0,NA,"this is a very good appt for password storage i use it quite frequent","this, is, a, very, good, appt, for, password, storage, i, use, it, quite, frequent","good, appt, password, storage, use, quite, frequent","good, appt, password, storag, us, quit, frequent","good, appt, password, storage, use, quite, frequent"
"201ced7f-6328-44b2-b2ab-cbc8a2d5fd61","Nice app. Wish I could share the data with my other devices",3,0,NA,"nice app wish i could share the data with my other devices","nice, app, wish, i, could, share, the, data, with, my, other, devices","nice, app, wish, share, data, devices","nice, app, wish, share, data, devic","nice, app, wish, share, datum, device"
"21dd881e-6890-4647-9f68-cb6933a87dd0","I just started using this app so I'm not going to give it 5 stars yet . But let's see hopefully this one will work out. JMM",3,0,NA,"i just started using this app so im not going to give it  stars yet  but lets see hopefully this one will work out jmm","i, just, started, using, this, app, so, im, not, going, to, give, it, , stars, yet, , but, lets, see, hopefully, this, one, will, work, out, jmm","just, started, using, app, im, going, give, , stars, yet, , lets, see, hopefully, one, will, work, jmm","just, start, us, app, im, go, give, , star, yet, , let, see, hopefulli, on, will, work, jmm","just, start, use, app, im, go, give, , star, yet, , let, see, hopefully, one, will, work, jmm"
"19c504aa-9098-44bc-8f80-a2465f4d7b5b","Great",5,0,NA,"great","great","great","great","great"
"c1d37bc3-73cb-436b-9283-8640b007f336","Thank you so much ‚ù§Ô∏è have a great day",5,1,NA,"thank you so much Ô∏è have a great day","thank, you, so, much, , , have, a, great, day","thank, much, , , great, day","thank, much, , , great, dai","thank, much, , , great, day"
"a812dd8a-9291-4034-a40f-228cf324b6b1","Okay so far!üá∫üá∏üá∫üá∏ future now greatest thing I've seen üôå üëè/saved me!!!üá∫üá∏üá∫üá∏üêï‚Äçü¶∫",5,0,NA,"okay so far future now greatest thing ive seen  saved me‚Äç","okay, so, far, future, now, greatest, thing, ive, seen, , saved, me","okay, far, future, now, greatest, thing, ive, seen, , saved","okai, far, futur, now, greatest, thing, iv, seen, , save","okay, far, future, now, great, thing, ive, see, , save"
"7fd56238-57fa-460b-9bb9-959dc79e38dd",". No way to import passwords.",2,0,NA," no way to import passwords",", no, way, to, import, passwords",", way, import, passwords",", wai, import, password",", way, import, password"
"3348781b-ed1c-447c-8fe0-3f887ec2c5b3","Saves my all password with just 1 password. I'm using it from a year ago and it's still super useful.",5,6,NA,"saves my all password with just  password im using it from a year ago and its still super useful","saves, my, all, password, with, just, , password, im, using, it, from, a, year, ago, and, its, still, super, useful","saves, password, just, , password, im, using, year, ago, still, super, useful","save, password, just, , password, im, us, year, ago, still, super, us","save, password, just, , password, im, use, year, ago, still, super, useful"
"b4a97964-5ec6-48ee-8069-ea69aa952ae8","Great app I have used it for years and thankful it does the job well",5,1,NA,"great app i have used it for years and thankful it does the job well","great, app, i, have, used, it, for, years, and, thankful, it, does, the, job, well","great, app, used, years, thankful, job, well","great, app, us, year, thank, job, well","great, app, use, year, thankful, job, good"
"3cba1e68-0ec7-4b25-8fee-0a6631316bf4","Very good application, easy to use",5,1,NA,"very good application easy to use","very, good, application, easy, to, use","good, application, easy, use","good, applic, easi, us","good, application, easy, use"
"cc890337-30b6-4c55-997d-0f39a33fb32c","Warning do not install. If you ever want to change your phone. App developers are not responding , leaving feedback/issues through the app does not work and backing up or restoring of data is no longer supported",1,19,NA,"warning do not install if you ever want to change your phone app developers are not responding  leaving feedbackissues through the app does not work and backing up or restoring of data is no longer supported","warning, do, not, install, if, you, ever, want, to, change, your, phone, app, developers, are, not, responding, , leaving, feedbackissues, through, the, app, does, not, work, and, backing, up, or, restoring, of, data, is, no, longer, supported","warning, install, ever, want, change, phone, app, developers, responding, , leaving, feedbackissues, app, work, backing, restoring, data, longer, supported","warn, instal, ever, want, chang, phone, app, develop, respond, , leav, feedbackissu, app, work, back, restor, data, longer, support","warn, install, ever, want, change, phone, app, developer, respond, , leave, feedbackissues, app, work, back, restore, datum, long, support"
"a4f9cf73-88de-426a-93ca-6aa6c353906c","Hi wont restore from my google drive Says "" password manager requires one or more google play services that are not currently available. Please contact the developer for assistance"" I've never had this issue before. Please help, when I try to get help says no internet connection",1,7,NA,"hi wont restore from my google drive says  password manager requires one or more google play services that are not currently available please contact the developer for assistance ive never had this issue before please help when i try to get help says no internet connection","hi, wont, restore, from, my, google, drive, says, , password, manager, requires, one, or, more, google, play, services, that, are, not, currently, available, please, contact, the, developer, for, assistance, ive, never, had, this, issue, before, please, help, when, i, try, to, get, help, says, no, internet, connection","hi, wont, restore, google, drive, says, , password, manager, requires, one, google, play, services, currently, available, please, contact, developer, assistance, ive, never, issue, please, help, try, get, help, says, internet, connection","hi, wont, restor, googl, drive, sai, , password, manag, requir, on, googl, plai, servic, current, avail, pleas, contact, develop, assist, iv, never, issu, pleas, help, try, get, help, sai, internet, connect","hello, wont, restore, google, drive, say, , password, manager, require, one, google, play, service, currently, available, please, contact, developer, assistance, ive, never, issue, please, help, try, get, help, say, internet, connection"
"d0b23a55-db9a-45b4-96f7-176c10288823","Good",4,0,NA,"good","good","good","good","good"
"3a4b58d5-7fe3-47d0-a155-611a9ebf7560","Update App please.",5,0,NA,"update app please","update, app, please","update, app, please","updat, app, pleas","update, app, please"
"35594743-0b65-4e55-842e-3e2e32e86ac2","Very helpful app",5,0,NA,"very helpful app","very, helpful, app","helpful, app","help, app","helpful, app"
"88b34d21-c249-49c2-9297-8fbafc6887f9","I love this app! It's so easy to use & no complex icons in the password setup features. Still loving it.",5,3,NA,"i love this app its so easy to use  no complex icons in the password setup features still loving it","i, love, this, app, its, so, easy, to, use, , no, complex, icons, in, the, password, setup, features, still, loving, it","love, app, easy, use, , complex, icons, password, setup, features, still, loving","love, app, easi, us, , complex, icon, password, setup, featur, still, love","love, app, easy, use, , complex, icon, password, setup, feature, still, love"
"17c9797d-ef6a-424c-8665-a986a9b0e112","I'm having problem to backup all passwords to Google drive. Error message says: password manager requires one or more Google play services. Please contact the deleveloper. I have backed up all passwords to my Google drive several times earlier, but now I can't. Please provide me a solution. Also I tried to use the option ""report an issue"" from the app inside, which too doesn't work saying ""something went wrong, check your internet connection"", although internet was working.",4,31,NA,"im having problem to backup all passwords to google drive error message says password manager requires one or more google play services please contact the deleveloper i have backed up all passwords to my google drive several times earlier but now i cant please provide me a solution also i tried to use the option report an issue from the app inside which too doesnt work saying something went wrong check your internet connection although internet was working","im, having, problem, to, backup, all, passwords, to, google, drive, error, message, says, password, manager, requires, one, or, more, google, play, services, please, contact, the, deleveloper, i, have, backed, up, all, passwords, to, my, google, drive, several, times, earlier, but, now, i, cant, please, provide, me, a, solution, also, i, tried, to, use, the, option, report, an, issue, from, the, app, inside, which, too, doesnt, work, saying, something, went, wrong, check, your, internet, connection, although, internet, was, working","im, problem, backup, passwords, google, drive, error, message, says, password, manager, requires, one, google, play, services, please, contact, deleveloper, backed, passwords, google, drive, several, times, earlier, now, cant, please, provide, solution, also, tried, use, option, report, issue, app, inside, doesnt, work, saying, something, went, wrong, check, internet, connection, although, internet, working","im, problem, backup, password, googl, drive, error, messag, sai, password, manag, requir, on, googl, plai, servic, pleas, contact, delevelop, back, password, googl, drive, sever, time, earlier, now, cant, pleas, provid, solut, also, tri, us, option, report, issu, app, insid, doesnt, work, sai, someth, went, wrong, check, internet, connect, although, internet, work","im, problem, backup, password, google, drive, error, message, say, password, manager, require, one, google, play, service, please, contact, deleveloper, back, password, google, drive, several, time, early, now, cant, please, provide, solution, also, try, use, option, report, issue, app, inside, doesnt, work, say, something, go, wrong, check, internet, connection, although, internet, work"
"2c9df9ed-439a-4bbc-91b2-149206444621","Simple to use and effective.",5,0,NA,"simple to use and effective","simple, to, use, and, effective","simple, use, effective","simpl, us, effect","simple, use, effective"
"eb2aa81b-e705-4737-8a29-3966c9302df7","Best password app yet!",4,0,NA,"best password app yet","best, password, app, yet","best, password, app, yet","best, password, app, yet","good, password, app, yet"
"cf24cfe6-6fa0-4b15-84e2-be241ef0a553","Works well",5,0,NA,"works well","works, well","works, well","work, well","work, good"
"ed42d5d7-4ec3-42e6-bde1-1a26b540fa14","Great app, easy to use",5,0,NA,"great app easy to use","great, app, easy, to, use","great, app, easy, use","great, app, easi, us","great, app, easy, use"
"1c738eed-dbcc-474a-b8e2-1e50afa6ee3d","Easy",5,0,NA,"easy","easy","easy","easi","easy"
"a9ac33b8-1a1b-41c6-902f-7c03593047fc","I keeps me in order. I love it and have recommend that my daughter use it.",5,2,NA,"i keeps me in order i love it and have recommend that my daughter use it","i, keeps, me, in, order, i, love, it, and, have, recommend, that, my, daughter, use, it","keeps, order, love, recommend, daughter, use","keep, order, love, recommend, daughter, us","keep, order, love, recommend, daughter, use"
"b3ceb31f-2b9e-48a8-819f-c5f19909f6c4","Great app for keeping track of the many password changes to the different apps",5,0,NA,"great app for keeping track of the many password changes to the different apps","great, app, for, keeping, track, of, the, many, password, changes, to, the, different, apps","great, app, keeping, track, many, password, changes, different, apps","great, app, keep, track, mani, password, chang, differ, app","great, app, keep, track, many, password, change, different, app"
"7252195c-b0c0-4764-acc1-1e35b4b7576b","This app has been a life saver. Having so many passwords to keep up with can be difficult but this app allows me to keep all of them in one spot.",4,7,NA,"this app has been a life saver having so many passwords to keep up with can be difficult but this app allows me to keep all of them in one spot","this, app, has, been, a, life, saver, having, so, many, passwords, to, keep, up, with, can, be, difficult, but, this, app, allows, me, to, keep, all, of, them, in, one, spot","app, life, saver, many, passwords, keep, can, difficult, app, allows, keep, one, spot","app, life, saver, mani, password, keep, can, difficult, app, allow, keep, on, spot","app, life, saver, many, password, keep, can, difficult, app, allow, keep, one, spot"
"687e4935-93ba-454e-bac0-442b188c63b4","I love it",5,0,NA,"i love it","i, love, it","love","love","love"
"3a81dd9c-36b1-473b-8703-f28fe6efffd2","Great app!",5,0,NA,"great app","great, app","great, app","great, app","great, app"
"a8d8574a-dd23-4b32-b58e-5a11c2e0799e","It easy and so fare works",5,1,NA,"it easy and so fare works","it, easy, and, so, fare, works","easy, fare, works","easi, fare, work","easy, fare, work"
"76c8e3e3-fec7-4390-be5b-85415075b003","Very good apps",4,0,NA,"very good apps","very, good, apps","good, apps","good, app","good, app"
"9a17a977-d1cb-49d9-bd48-1ad57cc37444","Just the best",5,0,NA,"just the best","just, the, best","just, best","just, best","just, good"
"7aada3e2-a836-421a-9e09-412bc195a055","Love this app!!! Just don't forget your password!! It's so well protected your the only one who can open your information .",5,5,NA,"love this app just dont forget your password its so well protected your the only one who can open your information ","love, this, app, just, dont, forget, your, password, its, so, well, protected, your, the, only, one, who, can, open, your, information","love, app, just, dont, forget, password, well, protected, one, can, open, information","love, app, just, dont, forget, password, well, protect, on, can, open, inform","love, app, just, do, forget, password, good, protect, one, can, open, information"
"0e38226c-ba5c-4e2e-93fa-b03d519e872c","good",5,0,NA,"good","good","good","good","good"
"ffa16d3e-a6ff-4c89-b95c-f0d2b05ed4b1","Excellent app.",5,0,NA,"excellent app","excellent, app","excellent, app","excel, app","excellent, app"
"42322da2-d48f-454c-b66a-f210a56f12a9","The best password manager I've used so far üòä",5,1,NA,"the best password manager ive used so far ","the, best, password, manager, ive, used, so, far","best, password, manager, ive, used, far","best, password, manag, iv, us, far","good, password, manager, ive, use, far"
"51bc3f3e-a922-4f65-99d5-dee38215ee26","Easy to use. Great off-line app.",4,2,NA,"easy to use great offline app","easy, to, use, great, offline, app","easy, use, great, offline, app","easi, us, great, offlin, app","easy, use, great, offline, app"
"25c383ef-cf3f-4ecb-a870-e5bd89e32d35","Keeps me organized and avoids pulling my hair out! Recommended by an IT friend.",5,2,NA,"keeps me organized and avoids pulling my hair out recommended by an it friend","keeps, me, organized, and, avoids, pulling, my, hair, out, recommended, by, an, it, friend","keeps, organized, avoids, pulling, hair, recommended, friend","keep, organ, avoid, pull, hair, recommend, friend","keep, organize, avoid, pull, hair, recommend, friend"
"330ab77c-e04f-4fe4-8a75-cab017309212","Awesome",5,3,NA,"awesome","awesome","awesome","awesom","awesome"
"47aadc96-1598-439d-aba7-8b03104eadf4","Has some Icons. Doesn't have MeWe Social Network icon ü§î. Secure. I'm happy üòä.",5,2,NA,"has some icons doesnt have mewe social network icon  secure im happy ","has, some, icons, doesnt, have, mewe, social, network, icon, , secure, im, happy","icons, doesnt, mewe, social, network, icon, , secure, im, happy","icon, doesnt, mew, social, network, icon, , secur, im, happi","icon, doesnt, mewe, social, network, icon, , secure, im, happy"
"144014c2-8a38-4b99-859a-7b5cd13ffd6b","good",4,1,NA,"good","good","good","good","good"
"d86a4a1a-6077-48ef-accf-0675ca6a4fc7","easy to use",5,2,NA,"easy to use","easy, to, use","easy, use","easi, us","easy, use"
"5518e3a4-c32e-4a58-88ad-74b38422e827","Convenient pw storage. Just a master pw to keep app safe. Also backup to cloud drive.",5,5,NA,"convenient pw storage just a master pw to keep app safe also backup to cloud drive","convenient, pw, storage, just, a, master, pw, to, keep, app, safe, also, backup, to, cloud, drive","convenient, pw, storage, just, master, pw, keep, app, safe, also, backup, cloud, drive","conveni, pw, storag, just, master, pw, keep, app, safe, also, backup, cloud, drive","convenient, pw, storage, just, master, pw, keep, app, safe, also, backup, cloud, drive"
"89ea1107-fec1-4b0f-b699-29827cf605fc","Secure üîê. Works perfectly. I was able to recover my data after multiple bootloader failures! The only feature I would like to have is, customizable icons - Create my own standard icons. e.g. Specific icons unique to my country.",5,11,NA,"secure  works perfectly i was able to recover my data after multiple bootloader failures the only feature i would like to have is customizable icons  create my own standard icons eg specific icons unique to my country","secure, , works, perfectly, i, was, able, to, recover, my, data, after, multiple, bootloader, failures, the, only, feature, i, would, like, to, have, is, customizable, icons, , create, my, own, standard, icons, eg, specific, icons, unique, to, my, country","secure, , works, perfectly, able, recover, data, multiple, bootloader, failures, feature, like, customizable, icons, , create, standard, icons, eg, specific, icons, unique, country","secur, , work, perfectli, abl, recov, data, multipl, bootload, failur, featur, like, customiz, icon, , creat, standard, icon, eg, specif, icon, uniqu, countri","secure, , work, perfectly, able, recover, datum, multiple, bootloader, failure, feature, like, customizable, icon, , create, standard, icon, eg, specific, icon, unique, country"
"94862be6-b778-4bae-b248-88da18f41c36","Easy t manage",5,2,NA,"easy t manage","easy, t, manage","easy, t, manage","easi, t, manag","easy, t, manage"
"4aec16a3-a2ae-48d8-ac00-0667e9073c55","Very good app. I just need to know what happens if I loose my phone? How do get my info back in secure mode??",4,14,NA,"very good app i just need to know what happens if i loose my phone how do get my info back in secure mode","very, good, app, i, just, need, to, know, what, happens, if, i, loose, my, phone, how, do, get, my, info, back, in, secure, mode","good, app, just, need, know, happens, loose, phone, get, info, back, secure, mode","good, app, just, need, know, happen, loos, phone, get, info, back, secur, mode","good, app, just, need, know, happen, loose, phone, get, info, back, secure, mode"
"e7f945c6-0658-436e-bfff-006512f6ec90","Great .. I use it all the time !",5,1,NA,"great  i use it all the time ","great, , i, use, it, all, the, time","great, , use, time","great, , us, time","great, , use, time"
"7fe2eb4e-0cd8-4441-b185-641e1a397e68","Great app, easy to use. I have no issues",5,2,NA,"great app easy to use i have no issues","great, app, easy, to, use, i, have, no, issues","great, app, easy, use, issues","great, app, easi, us, issu","great, app, easy, use, issue"
"bf75e5c9-20bd-4285-a3b8-6ad43b76a83b","Easy to use. Previously I was able to restore my backup data multiple times due to bootloader failures on my LG-G3. This is a must for all smartphone. I've lost data so many times before. Transferring my data to my current phone was a simple and easy. Excellent job! Thank you so much...Very happy with the new feature. Fingerprint scan is very nice!",5,15,NA,"easy to use previously i was able to restore my backup data multiple times due to bootloader failures on my lgg this is a must for all smartphone ive lost data so many times before transferring my data to my current phone was a simple and easy excellent job thank you so muchvery happy with the new feature fingerprint scan is very nice","easy, to, use, previously, i, was, able, to, restore, my, backup, data, multiple, times, due, to, bootloader, failures, on, my, lgg, this, is, a, must, for, all, smartphone, ive, lost, data, so, many, times, before, transferring, my, data, to, my, current, phone, was, a, simple, and, easy, excellent, job, thank, you, so, muchvery, happy, with, the, new, feature, fingerprint, scan, is, very, nice","easy, use, previously, able, restore, backup, data, multiple, times, due, bootloader, failures, lgg, must, smartphone, ive, lost, data, many, times, transferring, data, current, phone, simple, easy, excellent, job, thank, muchvery, happy, new, feature, fingerprint, scan, nice","easi, us, previous, abl, restor, backup, data, multipl, time, due, bootload, failur, lgg, must, smartphon, iv, lost, data, mani, time, transfer, data, current, phone, simpl, easi, excel, job, thank, muchveri, happi, new, featur, fingerprint, scan, nice","easy, use, previously, able, restore, backup, datum, multiple, time, due, bootloader, failure, lgg, must, smartphone, ive, lose, datum, many, time, transfer, datum, current, phone, simple, easy, excellent, job, thank, muchvery, happy, new, feature, fingerprint, scan, nice"
"38b16f09-b02a-48de-87ce-fd1a389f1872","I really recommend this app.. it's a nice app ever that we could use.. very organized for account to keep your password and email with matching icon that reflects to the account that related to.. so useful and manageable.. its better to organized with style but simply.. I love it!!!!",5,2,NA,"i really recommend this app its a nice app ever that we could use very organized for account to keep your password and email with matching icon that reflects to the account that related to so useful and manageable its better to organized with style but simply i love it","i, really, recommend, this, app, its, a, nice, app, ever, that, we, could, use, very, organized, for, account, to, keep, your, password, and, email, with, matching, icon, that, reflects, to, the, account, that, related, to, so, useful, and, manageable, its, better, to, organized, with, style, but, simply, i, love, it","really, recommend, app, nice, app, ever, use, organized, account, keep, password, email, matching, icon, reflects, account, related, useful, manageable, better, organized, style, simply, love","realli, recommend, app, nice, app, ever, us, organ, account, keep, password, email, match, icon, reflect, account, relat, us, manag, better, organ, style, simpli, love","really, recommend, app, nice, app, ever, use, organize, account, keep, password, email, match, icon, reflect, account, relate, useful, manageable, good, organize, style, simply, love"
"de7e56af-a0c9-432b-85ab-8483a6082b3c","Is this app available on my laptop?",4,1,NA,"is this app available on my laptop","is, this, app, available, on, my, laptop","app, available, laptop","app, avail, laptop","app, available, laptop"
"52632cad-7cc1-4b8e-937a-b7cfef5d838a","Loved the app for awhile but recently it has wiped all my passwords twice. 
You don't get a third strike with me. Uninstalling because I can't trust 
this app.",1,1,NA,"loved the app for awhile but recently it has wiped all my passwords twice 
you dont get a third strike with me uninstalling because i cant trust 
this app","loved, the, app, for, awhile, but, recently, it, has, wiped, all, my, passwords, twice, , you, dont, get, a, third, strike, with, me, uninstalling, because, i, cant, trust, , this, app","loved, app, awhile, recently, wiped, passwords, twice, , dont, get, third, strike, uninstalling, cant, trust, , app","love, app, awhil, recent, wipe, password, twice, , dont, get, third, strike, uninstal, cant, trust, , app","love, app, awhile, recently, wipe, password, twice, , do, get, 3, strike, uninstalling, cant, trust, , app"
"300da08c-1821-4454-860b-a32371e9664e","This is the easiest security app I have found. It makes storing passwords 
simple.",5,1,NA,"this is the easiest security app i have found it makes storing passwords 
simple","this, is, the, easiest, security, app, i, have, found, it, makes, storing, passwords, , simple","easiest, security, app, found, makes, storing, passwords, , simple","easiest, secur, app, found, make, store, password, , simpl","easy, security, app, find, make, store, password, , simple"
"7521a973-70e7-47fa-b35d-bac8800e023f","Good quality easy to set up and use",5,1,NA,"good quality easy to set up and use","good, quality, easy, to, set, up, and, use","good, quality, easy, set, use","good, qualiti, easi, set, us","good, quality, easy, set, use"
"80e63126-58d4-4b1b-83a9-783e8940b47d","Easy to use and handy.",5,2,NA,"easy to use and handy","easy, to, use, and, handy","easy, use, handy","easi, us, handi","easy, use, handy"
"9eb93dbc-7003-437e-9a40-d4c5a698aa51","Love this app! This is my life in one little app",5,1,NA,"love this app this is my life in one little app","love, this, app, this, is, my, life, in, one, little, app","love, app, life, one, little, app","love, app, life, on, littl, app","love, app, life, one, little, app"
"84cf5585-b258-4eb7-880e-5a891b18eb31","Easy to use. Simple storage for passwords. Probably not for everyone. But perfect if you just want a single source for your passwords without all the exotic features.",5,4,NA,"easy to use simple storage for passwords probably not for everyone but perfect if you just want a single source for your passwords without all the exotic features","easy, to, use, simple, storage, for, passwords, probably, not, for, everyone, but, perfect, if, you, just, want, a, single, source, for, your, passwords, without, all, the, exotic, features","easy, use, simple, storage, passwords, probably, everyone, perfect, just, want, single, source, passwords, without, exotic, features","easi, us, simpl, storag, password, probabl, everyon, perfect, just, want, singl, sourc, password, without, exot, featur","easy, use, simple, storage, password, probably, everyone, perfect, just, want, single, source, password, without, exotic, feature"
"982ebefa-e8b8-4043-930b-1a340f344374","I tried MANY apps before I FINALLY found one that was conducive to my needs.  I am not familiar with all of the apps feature, however, I am happy with what I presently see.  I don't want an upgrade to PRO feature as the current is sufficient.  Thanks",5,6,NA,"i tried many apps before i finally found one that was conducive to my needs  i am not familiar with all of the apps feature however i am happy with what i presently see  i dont want an upgrade to pro feature as the current is sufficient  thanks","i, tried, many, apps, before, i, finally, found, one, that, was, conducive, to, my, needs, , i, am, not, familiar, with, all, of, the, apps, feature, however, i, am, happy, with, what, i, presently, see, , i, dont, want, an, upgrade, to, pro, feature, as, the, current, is, sufficient, , thanks","tried, many, apps, finally, found, one, conducive, needs, , familiar, apps, feature, however, happy, presently, see, , dont, want, upgrade, pro, feature, current, sufficient, , thanks","tri, mani, app, final, found, on, conduc, need, , familiar, app, featur, howev, happi, present, see, , dont, want, upgrad, pro, featur, current, suffici, , thank","try, many, app, finally, find, one, conducive, need, , familiar, app, feature, however, happy, presently, see, , do, want, upgrade, pro, feature, current, sufficient, , thank"
"27c2dcbc-e827-49b7-83f2-39d90a206617","The app works as advertised.",5,1,NA,"the app works as advertised","the, app, works, as, advertised","app, works, advertised","app, work, advertis","app, work, advertise"
"78669449-84df-40c4-a65e-224a7f1811f2","Not too bad",5,1,NA,"not too bad","not, too, bad","bad","bad","bad"
"7715fcf6-c017-4edc-8fc4-d23a9daa6999","Potentially a great app except for the following points which I could notice in the short period of use: 1. Does not REQUIRE an account - which means if anyone gets access to your phone, they can see your passwords! Unsecure, uhh? 2. Description doesn't give any idea about encryption of your data on the phone! 3. Sync to DropBox/GoogleDrive could be automated!",3,0,NA,"potentially a great app except for the following points which i could notice in the short period of use  does not require an account  which means if anyone gets access to your phone they can see your passwords unsecure uhh  description doesnt give any idea about encryption of your data on the phone  sync to dropboxgoogledrive could be automated","potentially, a, great, app, except, for, the, following, points, which, i, could, notice, in, the, short, period, of, use, , does, not, require, an, account, , which, means, if, anyone, gets, access, to, your, phone, they, can, see, your, passwords, unsecure, uhh, , description, doesnt, give, any, idea, about, encryption, of, your, data, on, the, phone, , sync, to, dropboxgoogledrive, could, be, automated","potentially, great, app, except, following, points, notice, short, period, use, , require, account, , means, anyone, gets, access, phone, can, see, passwords, unsecure, uhh, , description, doesnt, give, idea, encryption, data, phone, , sync, dropboxgoogledrive, automated","potenti, great, app, except, follow, point, notic, short, period, us, , requir, account, , mean, anyon, get, access, phone, can, see, password, unsecur, uhh, , descript, doesnt, give, idea, encrypt, data, phone, , sync, dropboxgoogledr, autom","potentially, great, app, except, follow, point, notice, short, period, use, , require, account, , mean, anyone, get, access, phone, can, see, password, unsecure, uhh, , description, doesnt, give, idea, encryption, datum, phone, , sync, dropboxgoogledrive, automate"
"0b8d7005-b436-4e72-86a4-1572619289e4","Does what it's supposed to do, easy to use. Very customizable. Can't find any negatives. Let's hope it stays that way.",5,2,NA,"does what its supposed to do easy to use very customizable cant find any negatives lets hope it stays that way","does, what, its, supposed, to, do, easy, to, use, very, customizable, cant, find, any, negatives, lets, hope, it, stays, that, way","supposed, easy, use, customizable, cant, find, negatives, lets, hope, stays, way","suppos, easi, us, customiz, cant, find, neg, let, hope, stai, wai","suppose, easy, use, customizable, cant, find, negative, let, hope, stay, way"
"8a2b8c3a-d898-4c2a-adf7-764b6575afe4","Love this app. It's so clear and easy to se each password saved.",5,3,NA,"love this app its so clear and easy to se each password saved","love, this, app, its, so, clear, and, easy, to, se, each, password, saved","love, app, clear, easy, se, password, saved","love, app, clear, easi, se, password, save","love, app, clear, easy, se, password, save"
"2a3756d6-43dc-409b-aad9-9400886fcba7","Nice to have my passwords all in one place.",5,7,NA,"nice to have my passwords all in one place","nice, to, have, my, passwords, all, in, one, place","nice, passwords, one, place","nice, password, on, place","nice, password, one, place"
"eac3fa63-3bcc-4ef4-8a22-2a64cc81229f","Great app!",5,2,NA,"great app","great, app","great, app","great, app","great, app"
"e770dfcb-af28-4b19-89c6-d44a63e39934","Works great for my needs.",5,2,NA,"works great for my needs","works, great, for, my, needs","works, great, needs","work, great, need","work, great, need"
"72f06b2d-fcfa-49b5-9685-ca587167479e","Ok good app...very safe and useful",5,1,NA,"ok good appvery safe and useful","ok, good, appvery, safe, and, useful","ok, good, appvery, safe, useful","ok, good, appveri, safe, us","okay, good, appvery, safe, useful"
"e990717c-d0a3-48b3-abe9-87cd0a4829b7","Good app. Easy to save all my information. Have been saver many times.",5,2,NA,"good app easy to save all my information have been saver many times","good, app, easy, to, save, all, my, information, have, been, saver, many, times","good, app, easy, save, information, saver, many, times","good, app, easi, save, inform, saver, mani, time","good, app, easy, save, information, saver, many, time"
"40667adf-3d81-4ffd-9938-626f02740aae","I like this app, just wish there was some way to recover all my passwords I had before i changed phones. I tried to find a backup and have been unsuccessful.",4,0,NA,"i like this app just wish there was some way to recover all my passwords i had before i changed phones i tried to find a backup and have been unsuccessful","i, like, this, app, just, wish, there, was, some, way, to, recover, all, my, passwords, i, had, before, i, changed, phones, i, tried, to, find, a, backup, and, have, been, unsuccessful","like, app, just, wish, way, recover, passwords, changed, phones, tried, find, backup, unsuccessful","like, app, just, wish, wai, recov, password, chang, phone, tri, find, backup, unsuccess","like, app, just, wish, way, recover, password, change, phone, try, find, backup, unsuccessful"
"0f0172ba-87ef-4f95-986d-7d697ca6a3a1","Efficient and well designed",5,0,NA,"efficient and well designed","efficient, and, well, designed","efficient, well, designed","effici, well, design","efficient, good, design"
"cb67f0d3-04b8-4dbd-9676-bf3d2ce31fe7","Good one.",5,1,NA,"good one","good, one","good, one","good, on","good, one"
"4ad33523-692b-4155-8532-de70516be605","Loving it so far. It was easy to load all my info and I really like the look of it. I gave it a 4 though because it doesn't have an auto lock. You have to log out for it to lock up again. Would love to see this security feature added.",4,4,NA,"loving it so far it was easy to load all my info and i really like the look of it i gave it a  though because it doesnt have an auto lock you have to log out for it to lock up again would love to see this security feature added","loving, it, so, far, it, was, easy, to, load, all, my, info, and, i, really, like, the, look, of, it, i, gave, it, a, , though, because, it, doesnt, have, an, auto, lock, you, have, to, log, out, for, it, to, lock, up, again, would, love, to, see, this, security, feature, added","loving, far, easy, load, info, really, like, look, gave, , though, doesnt, auto, lock, log, lock, love, see, security, feature, added","love, far, easi, load, info, realli, like, look, gave, , though, doesnt, auto, lock, log, lock, love, see, secur, featur, ad","love, far, easy, load, info, really, like, look, give, , though, doesnt, auto, lock, log, lock, love, see, security, feature, add"
"c1134f24-fbd9-437e-9721-807cf238b30f","Good app that stores my passwords and backup to Google Drive.",4,2,NA,"good app that stores my passwords and backup to google drive","good, app, that, stores, my, passwords, and, backup, to, google, drive","good, app, stores, passwords, backup, google, drive","good, app, store, password, backup, googl, drive","good, app, store, password, backup, google, drive"
"7e28ba65-030c-4c9e-a6bb-00771e85b4d5","Love the app",5,1,NA,"love the app","love, the, app","love, app","love, app","love, app"
"6236ca6d-1e3d-4b43-9425-b9e2ea8a6c40","When I retrieve stored information from Google drive, it becomes unrecognisable. How can it be possible to retrieve information the same as uploaded?",4,1,NA,"when i retrieve stored information from google drive it becomes unrecognisable how can it be possible to retrieve information the same as uploaded","when, i, retrieve, stored, information, from, google, drive, it, becomes, unrecognisable, how, can, it, be, possible, to, retrieve, information, the, same, as, uploaded","retrieve, stored, information, google, drive, becomes, unrecognisable, can, possible, retrieve, information, uploaded","retriev, store, inform, googl, drive, becom, unrecognis, can, possibl, retriev, inform, upload","retrieve, store, information, google, drive, become, unrecognisable, can, possible, retrieve, information, upload"
"c9cd0cd0-b63f-4831-a8ce-46cac5955754","While it does not auto-sync, it can store it's data on Google Drive and DropBox, so it can be accessed across all platforms. It also does lack an auto-close feature. Otherwise, a very useful app. I especially like the one click copy to clipboard, very handy! Also has a password generator, way cool! A few small tweeks, and this app would rock!",4,1,NA,"while it does not autosync it can store its data on google drive and dropbox so it can be accessed across all platforms it also does lack an autoclose feature otherwise a very useful app i especially like the one click copy to clipboard very handy also has a password generator way cool a few small tweeks and this app would rock","while, it, does, not, autosync, it, can, store, its, data, on, google, drive, and, dropbox, so, it, can, be, accessed, across, all, platforms, it, also, does, lack, an, autoclose, feature, otherwise, a, very, useful, app, i, especially, like, the, one, click, copy, to, clipboard, very, handy, also, has, a, password, generator, way, cool, a, few, small, tweeks, and, this, app, would, rock","autosync, can, store, data, google, drive, dropbox, can, accessed, across, platforms, also, lack, autoclose, feature, otherwise, useful, app, especially, like, one, click, copy, clipboard, handy, also, password, generator, way, cool, small, tweeks, app, rock","autosync, can, store, data, googl, drive, dropbox, can, access, across, platform, also, lack, autoclos, featur, otherwis, us, app, especi, like, on, click, copi, clipboard, handi, also, password, gener, wai, cool, small, tweek, app, rock","autosync, can, store, datum, google, drive, dropbox, can, access, across, platform, also, lack, autoclose, feature, otherwise, useful, app, especially, like, one, click, copy, clipboard, handy, also, password, generator, way, cool, small, tweeks, app, rock"
"e87a5f5c-90e4-4143-a933-985086811b4d","Does what I need it to do. Would like to see some sort of auto close option for app when phone sleeps or shuts down. Other than that, good app",4,2,NA,"does what i need it to do would like to see some sort of auto close option for app when phone sleeps or shuts down other than that good app","does, what, i, need, it, to, do, would, like, to, see, some, sort, of, auto, close, option, for, app, when, phone, sleeps, or, shuts, down, other, than, that, good, app","need, like, see, sort, auto, close, option, app, phone, sleeps, shuts, good, app","need, like, see, sort, auto, close, option, app, phone, sleep, shut, good, app","need, like, see, sort, auto, close, option, app, phone, sleep, shut, good, app"
"3b5c51ea-8263-4839-8626-47df3c1f69ba","Great to store password",4,1,NA,"great to store password","great, to, store, password","great, store, password","great, store, password","great, store, password"
"84e53c91-91f7-4581-800a-e07ef41bc6b6","Awesome",5,1,NA,"awesome","awesome","awesome","awesom","awesome"
"8d62d61f-b5a5-4c54-8e9c-1f301e8e5ab6","Very üëç nice app",4,3,NA,"very  nice app","very, , nice, app",", nice, app",", nice, app",", nice, app"
"9abc95be-2575-4e7b-ade7-13b9f0d6f43d","It is easy to use and has a nice screen layout.",5,3,NA,"it is easy to use and has a nice screen layout","it, is, easy, to, use, and, has, a, nice, screen, layout","easy, use, nice, screen, layout","easi, us, nice, screen, layout","easy, use, nice, screen, layout"
"7c6d3a53-7ed0-4e51-ae5b-41b1948323ed","Very handy  No problems at all.",5,3,NA,"very handy  no problems at all","very, handy, , no, problems, at, all","handy, , problems","handi, , problem","handy, , problem"
"d5934474-9ebd-41c5-b35a-052643ea0d78","Simple and best password manager... Lovely UI and Icons... If the option to add more fields is given, then it can be used for many purposes... Keep up the good work...",5,9,NA,"simple and best password manager lovely ui and icons if the option to add more fields is given then it can be used for many purposes keep up the good work","simple, and, best, password, manager, lovely, ui, and, icons, if, the, option, to, add, more, fields, is, given, then, it, can, be, used, for, many, purposes, keep, up, the, good, work","simple, best, password, manager, lovely, ui, icons, option, add, fields, given, can, used, many, purposes, keep, good, work","simpl, best, password, manag, love, ui, icon, option, add, field, given, can, us, mani, purpos, keep, good, work","simple, good, password, manager, lovely, ui, icon, option, add, field, give, can, use, many, purpose, keep, good, work"
"9c0c66ed-d7bf-4cdd-8ec8-9d599d619bee","It is nice and very well simple to use",5,4,NA,"it is nice and very well simple to use","it, is, nice, and, very, well, simple, to, use","nice, well, simple, use","nice, well, simpl, us","nice, good, simple, use"
"6e9bd0f5-06cc-4ee6-b127-18493c6746d7","Good done",5,2,NA,"good done","good, done","good, done","good, done","good, do"
"8032fdb9-d2cb-4547-95a5-7f6f5b7a9968","So far so Good",5,2,NA,"so far so good","so, far, so, good","far, good","far, good","far, good"
"8b613100-cb0e-446e-89c0-66ef21811dc5","Super and easy",5,3,NA,"super and easy","super, and, easy","super, easy","super, easi","super, easy"
"8f41fb4e-89bb-4cb2-a258-4179d7ebe783","Amazing",5,0,NA,"amazing","amazing","amazing","amaz","amaze"
"189fded4-5388-4d12-9fe6-bd89992d8219","Great Password Keeper! Easy to store and retrieve. Thanks so much for the work and dedication put into this app!!!",5,2,NA,"great password keeper easy to store and retrieve thanks so much for the work and dedication put into this app","great, password, keeper, easy, to, store, and, retrieve, thanks, so, much, for, the, work, and, dedication, put, into, this, app","great, password, keeper, easy, store, retrieve, thanks, much, work, dedication, put, app","great, password, keeper, easi, store, retriev, thank, much, work, dedic, put, app","great, password, keeper, easy, store, retrieve, thank, much, work, dedication, put, app"
"44244801-c2c9-47ba-811b-3ef8140dbbd7","Great app, simple to use.",5,1,NA,"great app simple to use","great, app, simple, to, use","great, app, simple, use","great, app, simpl, us","great, app, simple, use"
"b8cb4951-0e2c-47f2-b5b2-cc89daeab783","Easy to use and flexible with good choice of icons to go with the passwords",5,2,NA,"easy to use and flexible with good choice of icons to go with the passwords","easy, to, use, and, flexible, with, good, choice, of, icons, to, go, with, the, passwords","easy, use, flexible, good, choice, icons, go, passwords","easi, us, flexibl, good, choic, icon, go, password","easy, use, flexible, good, choice, icon, go, password"
"a3bf82b7-da8e-43ed-b2a4-b540a1dba49b","good",5,0,NA,"good","good","good","good","good"
"91635daa-e90e-46c9-9878-d4a3806c3c2e","I loved this while inputting my passwords.  Very easy to use.  But I never selected a security code and closed out the app. Now I cannot regain access. There is no option to recover account üòü",3,2,NA,"i loved this while inputting my passwords  very easy to use  but i never selected a security code and closed out the app now i cannot regain access there is no option to recover account ","i, loved, this, while, inputting, my, passwords, , very, easy, to, use, , but, i, never, selected, a, security, code, and, closed, out, the, app, now, i, cannot, regain, access, there, is, no, option, to, recover, account","loved, inputting, passwords, , easy, use, , never, selected, security, code, closed, app, now, regain, access, option, recover, account","love, input, password, , easi, us, , never, select, secur, code, close, app, now, regain, access, option, recov, account","love, input, password, , easy, use, , never, select, security, code, close, app, now, regain, access, option, recover, account"
"7019dc83-4864-4e4d-8066-3d33e2dfbac2","I really loved this app until I had to do a factory reset and everything was lost. It was simple and easy to use.   Really wish it had a backup/restore feature. Now I need to look for a different app and type all my passwords again.  Not taking a chance of losing them so installing an app with backup/restore/sync.",3,2,NA,"i really loved this app until i had to do a factory reset and everything was lost it was simple and easy to use   really wish it had a backuprestore feature now i need to look for a different app and type all my passwords again  not taking a chance of losing them so installing an app with backuprestoresync","i, really, loved, this, app, until, i, had, to, do, a, factory, reset, and, everything, was, lost, it, was, simple, and, easy, to, use, , , really, wish, it, had, a, backuprestore, feature, now, i, need, to, look, for, a, different, app, and, type, all, my, passwords, again, , not, taking, a, chance, of, losing, them, so, installing, an, app, with, backuprestoresync","really, loved, app, factory, reset, everything, lost, simple, easy, use, , , really, wish, backuprestore, feature, now, need, look, different, app, type, passwords, , taking, chance, losing, installing, app, backuprestoresync","realli, love, app, factori, reset, everyth, lost, simpl, easi, us, , , realli, wish, backuprestor, featur, now, need, look, differ, app, type, password, , take, chanc, lose, instal, app, backuprestoresync","really, love, app, factory, reset, everything, lose, simple, easy, use, , , really, wish, backuprestore, feature, now, need, look, different, app, type, password, , take, chance, lose, install, app, backuprestoresync"
"0b454386-5872-40e9-8c2e-78d335429021","It's perfect just looks like a regular email list for sum1 forgetful like myself and its free a beautiful lil app",5,4,NA,"its perfect just looks like a regular email list for sum forgetful like myself and its free a beautiful lil app","its, perfect, just, looks, like, a, regular, email, list, for, sum, forgetful, like, myself, and, its, free, a, beautiful, lil, app","perfect, just, looks, like, regular, email, list, sum, forgetful, like, free, beautiful, lil, app","perfect, just, look, like, regular, email, list, sum, forget, like, free, beauti, lil, app","perfect, just, look, like, regular, email, list, sum, forgetful, like, free, beautiful, lil, app"
"af4a0483-3bfd-4d58-895c-9e7ceaf3ffec","Good App",5,0,NA,"good app","good, app","good, app","good, app","good, app"
"4c1a3caf-fa85-46ff-8b8f-599613310f48","Awesome app. Very easy to use and understand.",5,2,NA,"awesome app very easy to use and understand","awesome, app, very, easy, to, use, and, understand","awesome, app, easy, use, understand","awesom, app, easi, us, understand","awesome, app, easy, use, understand"
"13f77ccb-08a8-484b-8cc6-430163d99a6f","This good app but should have back up feature for the data stored.",4,6,NA,"this good app but should have back up feature for the data stored","this, good, app, but, should, have, back, up, feature, for, the, data, stored","good, app, back, feature, data, stored","good, app, back, featur, data, store","good, app, back, feature, datum, store"
"9a488445-8e09-48e1-ad3b-d60dd8ea0a9d","Sagarkumar",2,0,NA,"sagarkumar","sagarkumar","sagarkumar","sagarkumar","sagarkumar"
"56b529a6-f69d-49f1-b709-0f6494f4428d","Simply amazing",5,0,NA,"simply amazing","simply, amazing","simply, amazing","simpli, amaz","simply, amaze"
"043e420f-517c-4497-a6a4-79c8d42e7910","Like it",2,1,NA,"like it","like, it","like","like","like"
"137ab73d-b5f9-4e9c-b872-802eca96a81d","Love it",5,0,NA,"love it","love, it","love","love","love"
"d0384ede-7c87-4781-a5cb-ae2f9a0b7d28","Usuful but without any login to restor if the program deleted",3,2,NA,"usuful but without any login to restor if the program deleted","usuful, but, without, any, login, to, restor, if, the, program, deleted","usuful, without, login, restor, program, deleted","usu, without, login, restor, program, delet","usuful, without, login, restor, program, delete"
"a252a68e-dcd3-4dab-80dc-d406a8ecc36c","Very nice, easy to work with, user friendly,  pleasing view",5,0,NA,"very nice easy to work with user friendly  pleasing view","very, nice, easy, to, work, with, user, friendly, , pleasing, view","nice, easy, work, user, friendly, , pleasing, view","nice, easi, work, user, friendli, , pleas, view","nice, easy, work, user, friendly, , please, view"
"463126f9-a6b4-4931-a5b4-6f814d995fc1","I think it's best apps I will give it 5 stars",5,2,NA,"i think its best apps i will give it  stars","i, think, its, best, apps, i, will, give, it, , stars","think, best, apps, will, give, , stars","think, best, app, will, give, , star","think, good, app, will, give, , star"
"cf7889c0-f4d0-4dba-9df8-120cf1a342a8","unfortunately, if in adding a new account you go to browser to copy the URL, you'll return to this password manager to find your email address and password are lost. The app doesn't keep them. So you've got to remember every detail in one go. I've looked at several other password managers and none had such a good interface as this. Simple, logical.  But the above shortcoming needs to be addressed.",3,2,NA,"unfortunately if in adding a new account you go to browser to copy the url youll return to this password manager to find your email address and password are lost the app doesnt keep them so youve got to remember every detail in one go ive looked at several other password managers and none had such a good interface as this simple logical  but the above shortcoming needs to be addressed","unfortunately, if, in, adding, a, new, account, you, go, to, browser, to, copy, the, url, youll, return, to, this, password, manager, to, find, your, email, address, and, password, are, lost, the, app, doesnt, keep, them, so, youve, got, to, remember, every, detail, in, one, go, ive, looked, at, several, other, password, managers, and, none, had, such, a, good, interface, as, this, simple, logical, , but, the, above, shortcoming, needs, to, be, addressed","unfortunately, adding, new, account, go, browser, copy, url, youll, return, password, manager, find, email, address, password, lost, app, doesnt, keep, youve, got, remember, every, detail, one, go, ive, looked, several, password, managers, none, good, interface, simple, logical, , shortcoming, needs, addressed","unfortun, ad, new, account, go, browser, copi, url, youll, return, password, manag, find, email, address, password, lost, app, doesnt, keep, youv, got, rememb, everi, detail, on, go, iv, look, sever, password, manag, none, good, interfac, simpl, logic, , shortcom, need, address","unfortunately, add, new, account, go, browser, copy, url, youll, return, password, manager, find, email, address, password, lose, app, doesnt, keep, youve, get, remember, every, detail, one, go, ive, look, several, password, manager, none, good, interface, simple, logical, , shortcoming, need, address"
"4603e53f-ab60-4b65-957b-8411fac03586","Very good and user friendly app",4,0,NA,"very good and user friendly app","very, good, and, user, friendly, app","good, user, friendly, app","good, user, friendli, app","good, user, friendly, app"
"ac35de02-a5c7-4d9a-9716-4c17d5351736","It's a little cartoonish for my taste.",2,0,NA,"its a little cartoonish for my taste","its, a, little, cartoonish, for, my, taste","little, cartoonish, taste","littl, cartoonish, tast","little, cartoonish, taste"
"2f55e557-1673-4781-98a7-a712adf29012","I like this app. Great app",5,0,NA,"i like this app great app","i, like, this, app, great, app","like, app, great, app","like, app, great, app","like, app, great, app"
"146ecefd-a229-4582-b00e-5080ffb05b8a","When I downloaded this app my expectation was that i would be able to see a list of all my apps and i can set a password for whichever ones I choose, with email id for backup. But no matter where I navigate its asking me to login with email id repeatedly. None of my apps are being listed under any category. Not sure if its just me or this app does not have any help section for novice users. Will try figuring it around for a bit else will uninstall.",2,2,NA,"when i downloaded this app my expectation was that i would be able to see a list of all my apps and i can set a password for whichever ones i choose with email id for backup but no matter where i navigate its asking me to login with email id repeatedly none of my apps are being listed under any category not sure if its just me or this app does not have any help section for novice users will try figuring it around for a bit else will uninstall","when, i, downloaded, this, app, my, expectation, was, that, i, would, be, able, to, see, a, list, of, all, my, apps, and, i, can, set, a, password, for, whichever, ones, i, choose, with, email, id, for, backup, but, no, matter, where, i, navigate, its, asking, me, to, login, with, email, id, repeatedly, none, of, my, apps, are, being, listed, under, any, category, not, sure, if, its, just, me, or, this, app, does, not, have, any, help, section, for, novice, users, will, try, figuring, it, around, for, a, bit, else, will, uninstall","downloaded, app, expectation, able, see, list, apps, can, set, password, whichever, ones, choose, email, id, backup, matter, navigate, asking, login, email, id, repeatedly, none, apps, listed, category, sure, just, app, help, section, novice, users, will, try, figuring, around, bit, else, will, uninstall","download, app, expect, abl, see, list, app, can, set, password, whichev, on, choos, email, id, backup, matter, navig, ask, login, email, id, repeatedli, none, app, list, categori, sure, just, app, help, section, novic, user, will, try, figur, around, bit, els, will, uninstal","download, app, expectation, able, see, list, app, can, set, password, whichever, one, choose, email, id, backup, matter, navigate, ask, login, email, id, repeatedly, none, app, list, category, sure, just, app, help, section, novice, user, will, try, figure, around, bite, else, will, uninstall"
"bbef3543-6ead-48e1-88e6-389007587966","Simple and cute. I like that we can add a password to protect our info,  too.",4,1,NA,"simple and cute i like that we can add a password to protect our info  too","simple, and, cute, i, like, that, we, can, add, a, password, to, protect, our, info, , too","simple, cute, like, can, add, password, protect, info, ","simpl, cute, like, can, add, password, protect, info, ","simple, cute, like, can, add, password, protect, info, "
"b64d3c59-a6bf-44d9-8532-915a919bd5f5","This app doesn't need even a single permission.",5,0,NA,"this app doesnt need even a single permission","this, app, doesnt, need, even, a, single, permission","app, doesnt, need, even, single, permission","app, doesnt, need, even, singl, permiss","app, doesnt, need, even, single, permission"
"3051daeb-6d7c-4373-a71d-647d388c7646","This app is simple and visually pleasing. It allows a number of options for filtering apps based on their function and assigning icons to each app for easier identification. The whole app can be protected with a password as well. My only complaint is that the password isn't required every time you open the app as long as the app is still running in the background.",5,1,NA,"this app is simple and visually pleasing it allows a number of options for filtering apps based on their function and assigning icons to each app for easier identification the whole app can be protected with a password as well my only complaint is that the password isnt required every time you open the app as long as the app is still running in the background","this, app, is, simple, and, visually, pleasing, it, allows, a, number, of, options, for, filtering, apps, based, on, their, function, and, assigning, icons, to, each, app, for, easier, identification, the, whole, app, can, be, protected, with, a, password, as, well, my, only, complaint, is, that, the, password, isnt, required, every, time, you, open, the, app, as, long, as, the, app, is, still, running, in, the, background","app, simple, visually, pleasing, allows, number, options, filtering, apps, based, function, assigning, icons, app, easier, identification, whole, app, can, protected, password, well, complaint, password, isnt, required, every, time, open, app, long, app, still, running, background","app, simpl, visual, pleas, allow, number, option, filter, app, base, function, assign, icon, app, easier, identif, whole, app, can, protect, password, well, complaint, password, isnt, requir, everi, time, open, app, long, app, still, run, background","app, simple, visually, please, allow, numb, option, filter, app, base, function, assign, icon, app, easy, identification, whole, app, can, protect, password, good, complaint, password, isnt, require, every, time, open, app, long, app, still, run, background"
"053074b2-cad6-43a4-94c4-0dc4c7bd6d46","Looks good so far",5,1,NA,"looks good so far","looks, good, so, far","looks, good, far","look, good, far","look, good, far"
"518e0b64-dcfe-4862-814f-319ac079b68e","Simple but effective",5,0,NA,"simple but effective","simple, but, effective","simple, effective","simpl, effect","simple, effective"
"5dcd42c0-64a0-4c1c-9d30-0d90845a3705","I like the recognizable icons for identifying seperate accounts.",4,0,NA,"i like the recognizable icons for identifying seperate accounts","i, like, the, recognizable, icons, for, identifying, seperate, accounts","like, recognizable, icons, identifying, seperate, accounts","like, recogniz, icon, identifi, seper, account","like, recognizable, icon, identify, seperate, account"
"ab0b106b-cacb-4e54-9ab8-63cba5d15574","Colorful and pleasing to the eye.  Very simple to use.  I really appreciate that it doesn't ask for access to anything on your phone.  And there are no ads.  Very happy with this.",5,5,NA,"colorful and pleasing to the eye  very simple to use  i really appreciate that it doesnt ask for access to anything on your phone  and there are no ads  very happy with this","colorful, and, pleasing, to, the, eye, , very, simple, to, use, , i, really, appreciate, that, it, doesnt, ask, for, access, to, anything, on, your, phone, , and, there, are, no, ads, , very, happy, with, this","colorful, pleasing, eye, , simple, use, , really, appreciate, doesnt, ask, access, anything, phone, , ads, , happy","color, pleas, ey, , simpl, us, , realli, appreci, doesnt, ask, access, anyth, phone, , ad, , happi","colorful, please, eye, , simple, use, , really, appreciate, doesnt, ask, access, anything, phone, , ad, , happy"
"1094d763-3d6a-4d53-9ceb-219627306efe","Love it",5,1,NA,"love it","love, it","love","love","love"
"b454b56c-6171-49bb-a04b-b878095b83e2","Awesome",5,1,NA,"awesome","awesome","awesome","awesom","awesome"
